Workbook

Sheet titanic
A1: survived | B1: pclass | C1: sex | D1: age | E1: sibsp | F1: parch | G1: fare | H1: embarked | I1: class | J1: who | K1: adult_male | L1: deck | M1: embark_town | N1: alive | O1: alone
A2: 0 | B2: 3 | C2: male | D2: 22 | E2: 1 | F2: 0 | G2: 7.25 | H2: S | I2: Third | J2: man | K2: TRUE | M2: Southampton | N2: no | O2: FALSE
A3: 1 | B3: 1 | C3: female | D3: 38 | E3: 1 | F3: 0 | G3: 71.2833 | H3: C | I3: First | J3: woman | K3: FALSE | L3: C | M3: Cherbourg | N3: yes | O3: FALSE
A4: 1 | B4: 3 | C4: female | D4: 26 | E4: 0 | F4: 0 | G4: 7.925 | H4: S | I4: Third | J4: woman | K4: FALSE | M4: Southampton | N4: yes | O4: TRUE
A5: 1 | B5: 1 | C5: female | D5: 35 | E5: 1 | F5: 0 | G5: 53.1 | H5: S | I5: First | J5: woman | K5: FALSE | L5: C | M5: Southampton | N5: yes | O5: FALSE
A6: 0 | B6: 3 | C6: male | D6: 35 | E6: 0 | F6: 0 | G6: 8.05 | H6: S | I6: Third | J6: man | K6: TRUE | M6: Southampton | N6: no | O6: TRUE
A7: 0 | B7: 3 | C7: male | E7: 0 | F7: 0 | G7: 8.4583 | H7: Q | I7: Third | J7: man | K7: TRUE | M7: Queenstown | N7: no | O7: TRUE
A8: 0 | B8: 1 | C8: male | D8: 54 | E8: 0 | F8: 0 | G8: 51.8625 | H8: S | I8: First | J8: man | K8: TRUE | L8: E | M8: Southampton | N8: no | O8: TRUE
A9: 0 | B9: 3 | C9: male | D9: 2 | E9: 3 | F9: 1 | G9: 21.075 | H9: S | I9: Third | J9: child | K9: FALSE | M9: Southampton | N9: no | O9: FALSE
A10: 1 | B10: 3 | C10: female | D10: 27 | E10: 0 | F10: 2 | G10: 11.1333 | H10: S | I10: Third | J10: woman | K10: FALSE | M10: Southampton | N10: yes | O10: FALSE
A11: 1 | B11: 2 | C11: female | D11: 14 | E11: 1 | F11: 0 | G11: 30.0708 | H11: C | I11: Second | J11: child | K11: FALSE | M11: Cherbourg | N11: yes | O11: FALSE
A12: 1 | B12: 3 | C12: female | D12: 4 | E12: 1 | F12: 1 | G12: 16.7 | H12: S | I12: Third | J12: child | K12: FALSE | L12: G | M12: Southampton | N12: yes | O12: FALSE
A13: 1 | B13: 1 | C13: female | D13: 58 | E13: 0 | F13: 0 | G13: 26.55 | H13: S | I13: First | J13: woman | K13: FALSE | L13: C | M13: Southampton | N13: yes | O13: TRUE
A14: 0 | B14: 3 | C14: male | D14: 20 | E14: 0 | F14: 0 | G14: 8.05 | H14: S | I14: Third | J14: man | K14: TRUE | M14: Southampton | N14: no | O14: TRUE
A15: 0 | B15: 3 | C15: male | D15: 39 | E15: 1 | F15: 5 | G15: 31.275 | H15: S | I15: Third | J15: man | K15: TRUE | M15: Southampton | N15: no | O15: FALSE
A16: 0 | B16: 3 | C16: female | D16: 14 | E16: 0 | F16: 0 | G16: 7.8542 | H16: S | I16: Third | J16: child | K16: FALSE | M16: Southampton | N16: no | O16: TRUE
A17: 1 | B17: 2 | C17: female | D17: 55 | E17: 0 | F17: 0 | G17: 16 | H17: S | I17: Second | J17: woman | K17: FALSE | M17: Southampton | N17: yes | O17: TRUE
A18: 0 | B18: 3 | C18: male | D18: 2 | E18: 4 | F18: 1 | G18: 29.125 | H18: Q | I18: Third | J18: child | K18: FALSE | M18: Queenstown | N18: no | O18: FALSE
A19: 1 | B19: 2 | C19: male | E19: 0 | F19: 0 | G19: 13 | H19: S | I19: Second | J19: man | K19: TRUE | M19: Southampton | N19: yes | O19: TRUE
A20: 0 | B20: 3 | C20: female | D20: 31 | E20: 1 | F20: 0 | G20: 18 | H20: S | I20: Third | J20: woman | K20: FALSE | M20: Southampton | N20: no | O20: FALSE
A21: 1 | B21: 3 | C21: female | E21: 0 | F21: 0 | G21: 7.225 | H21: C | I21: Third | J21: woman | K21: FALSE | M21: Cherbourg | N21: yes | O21: TRUE
A22: 0 | B22: 2 | C22: male | D22: 35 | E22: 0 | F22: 0 | G22: 26 | H22: S | I22: Second | J22: man | K22: TRUE | M22: Southampton | N22: no | O22: TRUE
A23: 1 | B23: 2 | C23: male | D23: 34 | E23: 0 | F23: 0 | G23: 13 | H23: S | I23: Second | J23: man | K23: TRUE | L23: D | M23: Southampton | N23: yes | O23: TRUE
A24: 1 | B24: 3 | C24: female | D24: 15 | E24: 0 | F24: 0 | G24: 8.0292 | H24: Q | I24: Third | J24: child | K24: FALSE | M24: Queenstown | N24: yes | O24: TRUE
A25: 1 | B25: 1 | C25: male | D25: 28 | E25: 0 | F25: 0 | G25: 35.5 | H25: S | I25: First | J25: man | K25: TRUE | L25: A | M25: Southampton | N25: yes | O25: TRUE
A26: 0 | B26: 3 | C26: female | D26: 8 | E26: 3 | F26: 1 | G26: 21.075 | H26: S | I26: Third | J26: child | K26: FALSE | M26: Southampton | N26: no | O26: FALSE
A27: 1 | B27: 3 | C27: female | D27: 38 | E27: 1 | F27: 5 | G27: 31.3875 | H27: S | I27: Third | J27: woman | K27: FALSE | M27: Southampton | N27: yes | O27: FALSE
A28: 0 | B28: 3 | C28: male | E28: 0 | F28: 0 | G28: 7.225 | H28: C | I28: Third | J28: man | K28: TRUE | M28: Cherbourg | N28: no | O28: TRUE
A29: 0 | B29: 1 | C29: male | D29: 19 | E29: 3 | F29: 2 | G29: 263 | H29: S | I29: First | J29: man | K29: TRUE | L29: C | M29: Southampton | N29: no | O29: FALSE
A30: 1 | B30: 3 | C30: female | E30: 0 | F30: 0 | G30: 7.8792 | H30: Q | I30: Third | J30: woman | K30: FALSE | M30: Queenstown | N30: yes | O30: TRUE
A31: 0 | B31: 3 | C31: male | E31: 0 | F31: 0 | G31: 7.8958 | H31: S | I31: Third | J31: man | K31: TRUE | M31: Southampton | N31: no | O31: TRUE
A32: 0 | B32: 1 | C32: male | D32: 40 | E32: 0 | F32: 0 | G32: 27.7208 | H32: C | I32: First | J32: man | K32: TRUE | M32: Cherbourg | N32: no | O32: TRUE
A33: 1 | B33: 1 | C33: female | E33: 1 | F33: 0 | G33: 146.5208 | H33: C | I33: First | J33: woman | K33: FALSE | L33: B | M33: Cherbourg | N33: yes | O33: FALSE
A34: 1 | B34: 3 | C34: female | E34: 0 | F34: 0 | G34: 7.75 | H34: Q | I34: Third | J34: woman | K34: FALSE | M34: Queenstown | N34: yes | O34: TRUE
A35: 0 | B35: 2 | C35: male | D35: 66 | E35: 0 | F35: 0 | G35: 10.5 | H35: S | I35: Second | J35: man | K35: TRUE | M35: Southampton | N35: no | O35: TRUE
A36: 0 | B36: 1 | C36: male | D36: 28 | E36: 1 | F36: 0 | G36: 82.1708 | H36: C | I36: First | J36: man | K36: TRUE | M36: Cherbourg | N36: no | O36: FALSE
A37: 0 | B37: 1 | C37: male | D37: 42 | E37: 1 | F37: 0 | G37: 52 | H37: S | I37: First | J37: man | K37: TRUE | M37: Southampton | N37: no | O37: FALSE
A38: 1 | B38: 3 | C38: male | E38: 0 | F38: 0 | G38: 7.2292 | H38: C | I38: Third | J38: man | K38: TRUE | M38: Cherbourg | N38: yes | O38: TRUE
A39: 0 | B39: 3 | C39: male | D39: 21 | E39: 0 | F39: 0 | G39: 8.05 | H39: S | I39: Third | J39: man | K39: TRUE | M39: Southampton | N39: no | O39: TRUE
A40: 0 | B40: 3 | C40: female | D40: 18 | E40: 2 | F40: 0 | G40: 18 | H40: S | I40: Third | J40: woman | K40: FALSE | M40: Southampton | N40: no | O40: FALSE
A41: 1 | B41: 3 | C41: female | D41: 14 | E41: 1 | F41: 0 | G41: 11.2417 | H41: C | I41: Third | J41: child | K41: FALSE | M41: Cherbourg | N41: yes | O41: FALSE
A42: 0 | B42: 3 | C42: female | D42: 40 | E42: 1 | F42: 0 | G42: 9.475 | H42: S | I42: Third | J42: woman | K42: FALSE | M42: Southampton | N42: no | O42: FALSE
A43: 0 | B43: 2 | C43: female | D43: 27 | E43: 1 | F43: 0 | G43: 21 | H43: S | I43: Second | J43: woman | K43: FALSE | M43: Southampton | N43: no | O43: FALSE
A44: 0 | B44: 3 | C44: male | E44: 0 | F44: 0 | G44: 7.8958 | H44: C | I44: Third | J44: man | K44: TRUE | M44: Cherbourg | N44: no | O44: TRUE
A45: 1 | B45: 2 | C45: female | D45: 3 | E45: 1 | F45: 2 | G45: 41.5792 | H45: C | I45: Second | J45: child | K45: FALSE | M45: Cherbourg | N45: yes | O45: FALSE
A46: 1 | B46: 3 | C46: female | D46: 19 | E46: 0 | F46: 0 | G46: 7.8792 | H46: Q | I46: Third | J46: woman | K46: FALSE | M46: Queenstown | N46: yes | O46: TRUE
A47: 0 | B47: 3 | C47: male | E47: 0 | F47: 0 | G47: 8.05 | H47: S | I47: Third | J47: man | K47: TRUE | M47: Southampton | N47: no | O47: TRUE
A48: 0 | B48: 3 | C48: male | E48: 1 | F48: 0 | G48: 15.5 | H48: Q | I48: Third | J48: man | K48: TRUE | M48: Queenstown | N48: no | O48: FALSE
A49: 1 | B49: 3 | C49: female | E49: 0 | F49: 0 | G49: 7.75 | H49: Q | I49: Third | J49: woman | K49: FALSE | M49: Queenstown | N49: yes | O49: TRUE
A50: 0 | B50: 3 | C50: male | E50: 2 | F50: 0 | G50: 21.6792 | H50: C | I50: Third | J50: man | K50: TRUE | M50: Cherbourg | N50: no | O50: FALSE
A51: 0 | B51: 3 | C51: female | D51: 18 | E51: 1 | F51: 0 | G51: 17.8 | H51: S | I51: Third | J51: woman | K51: FALSE | M51: Southampton | N51: no | O51: FALSE
A52: 0 | B52: 3 | C52: male | D52: 7 | E52: 4 | F52: 1 | G52: 39.6875 | H52: S | I52: Third | J52: child | K52: FALSE | M52: Southampton | N52: no | O52: FALSE
A53: 0 | B53: 3 | C53: male | D53: 21 | E53: 0 | F53: 0 | G53: 7.8 | H53: S | I53: Third | J53: man | K53: TRUE | M53: Southampton | N53: no | O53: TRUE
A54: 1 | B54: 1 | C54: female | D54: 49 | E54: 1 | F54: 0 | G54: 76.7292 | H54: C | I54: First | J54: woman | K54: FALSE | L54: D | M54: Cherbourg | N54: yes | O54: FALSE
A55: 1 | B55: 2 | C55: female | D55: 29 | E55: 1 | F55: 0 | G55: 26 | H55: S | I55: Second | J55: woman | K55: FALSE | M55: Southampton | N55: yes | O55: FALSE
A56: 0 | B56: 1 | C56: male | D56: 65 | E56: 0 | F56: 1 | G56: 61.9792 | H56: C | I56: First | J56: man | K56: TRUE | L56: B | M56: Cherbourg | N56: no | O56: FALSE
A57: 1 | B57: 1 | C57: male | E57: 0 | F57: 0 | G57: 35.5 | H57: S | I57: First | J57: man | K57: TRUE | L57: C | M57: Southampton | N57: yes | O57: TRUE
A58: 1 | B58: 2 | C58: female | D58: 21 | E58: 0 | F58: 0 | G58: 10.5 | H58: S | I58: Second | J58: woman | K58: FALSE | M58: Southampton | N58: yes | O58: TRUE
A59: 0 | B59: 3 | C59: male | D59: 28.5 | E59: 0 | F59: 0 | G59: 7.2292 | H59: C | I59: Third | J59: man | K59: TRUE | M59: Cherbourg | N59: no | O59: TRUE
A60: 1 | B60: 2 | C60: female | D60: 5 | E60: 1 | F60: 2 | G60: 27.75 | H60: S | I60: Second | J60: child | K60: FALSE | M60: Southampton | N60: yes | O60: FALSE
A61: 0 | B61: 3 | C61: male | D61: 11 | E61: 5 | F61: 2 | G61: 46.9 | H61: S | I61: Third | J61: child | K61: FALSE | M61: Southampton | N61: no | O61: FALSE
A62: 0 | B62: 3 | C62: male | D62: 22 | E62: 0 | F62: 0 | G62: 7.2292 | H62: C | I62: Third | J62: man | K62: TRUE | M62: Cherbourg | N62: no | O62: TRUE
A63: 1 | B63: 1 | C63: female | D63: 38 | E63: 0 | F63: 0 | G63: 80 | I63: First | J63: woman | K63: FALSE | L63: B | N63: yes | O63: TRUE
A64: 0 | B64: 1 | C64: male | D64: 45 | E64: 1 | F64: 0 | G64: 83.475 | H64: S | I64: First | J64: man | K64: TRUE | L64: C | M64: Southampton | N64: no | O64: FALSE
A65: 0 | B65: 3 | C65: male | D65: 4 | E65: 3 | F65: 2 | G65: 27.9 | H65: S | I65: Third | J65: child | K65: FALSE | M65: Southampton | N65: no | O65: FALSE
A66: 0 | B66: 1 | C66: male | E66: 0 | F66: 0 | G66: 27.7208 | H66: C | I66: First | J66: man | K66: TRUE | M66: Cherbourg | N66: no | O66: TRUE
A67: 1 | B67: 3 | C67: male | E67: 1 | F67: 1 | G67: 15.2458 | H67: C | I67: Third | J67: man | K67: TRUE | M67: Cherbourg | N67: yes | O67: FALSE
A68: 1 | B68: 2 | C68: female | D68: 29 | E68: 0 | F68: 0 | G68: 10.5 | H68: S | I68: Second | J68: woman | K68: FALSE | L68: F | M68: Southampton | N68: yes | O68: TRUE
A69: 0 | B69: 3 | C69: male | D69: 19 | E69: 0 | F69: 0 | G69: 8.1583 | H69: S | I69: Third | J69: man | K69: TRUE | M69: Southampton | N69: no | O69: TRUE
A70: 1 | B70: 3 | C70: female | D70: 17 | E70: 4 | F70: 2 | G70: 7.925 | H70: S | I70: Third | J70: woman | K70: FALSE | M70: Southampton | N70: yes | O70: FALSE
A71: 0 | B71: 3 | C71: male | D71: 26 | E71: 2 | F71: 0 | G71: 8.6625 | H71: S | I71: Third | J71: man | K71: TRUE | M71: Southampton | N71: no | O71: FALSE
A72: 0 | B72: 2 | C72: male | D72: 32 | E72: 0 | F72: 0 | G72: 10.5 | H72: S | I72: Second | J72: man | K72: TRUE | M72: Southampton | N72: no | O72: TRUE
A73: 0 | B73: 3 | C73: female | D73: 16 | E73: 5 | F73: 2 | G73: 46.9 | H73: S | I73: Third | J73: woman | K73: FALSE | M73: Southampton | N73: no | O73: FALSE
A74: 0 | B74: 2 | C74: male | D74: 21 | E74: 0 | F74: 0 | G74: 73.5 | H74: S | I74: Second | J74: man | K74: TRUE | M74: Southampton | N74: no | O74: TRUE
A75: 0 | B75: 3 | C75: male | D75: 26 | E75: 1 | F75: 0 | G75: 14.4542 | H75: C | I75: Third | J75: man | K75: TRUE | M75: Cherbourg | N75: no | O75: FALSE
A76: 1 | B76: 3 | C76: male | D76: 32 | E76: 0 | F76: 0 | G76: 56.4958 | H76: S | I76: Third | J76: man | K76: TRUE | M76: Southampton | N76: yes | O76: TRUE
A77: 0 | B77: 3 | C77: male | D77: 25 | E77: 0 | F77: 0 | G77: 7.65 | H77: S | I77: Third | J77: man | K77: TRUE | L77: F | M77: Southampton | N77: no | O77: TRUE
A78: 0 | B78: 3 | C78: male | E78: 0 | F78: 0 | G78: 7.8958 | H78: S | I78: Third | J78: man | K78: TRUE | M78: Southampton | N78: no | O78: TRUE
A79: 0 | B79: 3 | C79: male | E79: 0 | F79: 0 | G79: 8.05 | H79: S | I79: Third | J79: man | K79: TRUE | M79: Southampton | N79: no | O79: TRUE
A80: 1 | B80: 2 | C80: male | D80: 0.83 | E80: 0 | F80: 2 | G80: 29 | H80: S | I80: Second | J80: child | K80: FALSE | M80: Southampton | N80: yes | O80: FALSE
A81: 1 | B81: 3 | C81: female | D81: 30 | E81: 0 | F81: 0 | G81: 12.475 | H81: S | I81: Third | J81: woman | K81: FALSE | M81: Southampton | N81: yes | O81: TRUE
A82: 0 | B82: 3 | C82: male | D82: 22 | E82: 0 | F82: 0 | G82: 9 | H82: S | I82: Third | J82: man | K82: TRUE | M82: Southampton | N82: no | O82: TRUE
A83: 1 | B83: 3 | C83: male | D83: 29 | E83: 0 | F83: 0 | G83: 9.5 | H83: S | I83: Third | J83: man | K83: TRUE | M83: Southampton | N83: yes | O83: TRUE
A84: 1 | B84: 3 | C84: female | E84: 0 | F84: 0 | G84: 7.7875 | H84: Q | I84: Third | J84: woman | K84: FALSE | M84: Queenstown | N84: yes | O84: TRUE
A85: 0 | B85: 1 | C85: male | D85: 28 | E85: 0 | F85: 0 | G85: 47.1 | H85: S | I85: First | J85: man | K85: TRUE | M85: Southampton | N85: no | O85: TRUE
A86: 1 | B86: 2 | C86: female | D86: 17 | E86: 0 | F86: 0 | G86: 10.5 | H86: S | I86: Second | J86: woman | K86: FALSE | M86: Southampton | N86: yes | O86: TRUE
A87: 1 | B87: 3 | C87: female | D87: 33 | E87: 3 | F87: 0 | G87: 15.85 | H87: S | I87: Third | J87: woman | K87: FALSE | M87: Southampton | N87: yes | O87: FALSE
A88: 0 | B88: 3 | C88: male | D88: 16 | E88: 1 | F88: 3 | G88: 34.375 | H88: S | I88: Third | J88: man | K88: TRUE | M88: Southampton | N88: no | O88: FALSE
A89: 0 | B89: 3 | C89: male | E89: 0 | F89: 0 | G89: 8.05 | H89: S | I89: Third | J89: man | K89: TRUE | M89: Southampton | N89: no | O89: TRUE
A90: 1 | B90: 1 | C90: female | D90: 23 | E90: 3 | F90: 2 | G90: 263 | H90: S | I90: First | J90: woman | K90: FALSE | L90: C | M90: Southampton | N90: yes | O90: FALSE
A91: 0 | B91: 3 | C91: male | D91: 24 | E91: 0 | F91: 0 | G91: 8.05 | H91: S | I91: Third | J91: man | K91: TRUE | M91: Southampton | N91: no | O91: TRUE
A92: 0 | B92: 3 | C92: male | D92: 29 | E92: 0 | F92: 0 | G92: 8.05 | H92: S | I92: Third | J92: man | K92: TRUE | M92: Southampton | N92: no | O92: TRUE
A93: 0 | B93: 3 | C93: male | D93: 20 | E93: 0 | F93: 0 | G93: 7.8542 | H93: S | I93: Third | J93: man | K93: TRUE | M93: Southampton | N93: no | O93: TRUE
A94: 0 | B94: 1 | C94: male | D94: 46 | E94: 1 | F94: 0 | G94: 61.175 | H94: S | I94: First | J94: man | K94: TRUE | L94: E | M94: Southampton | N94: no | O94: FALSE
A95: 0 | B95: 3 | C95: male | D95: 26 | E95: 1 | F95: 2 | G95: 20.575 | H95: S | I95: Third | J95: man | K95: TRUE | M95: Southampton | N95: no | O95: FALSE
A96: 0 | B96: 3 | C96: male | D96: 59 | E96: 0 | F96: 0 | G96: 7.25 | H96: S | I96: Third | J96: man | K96: TRUE | M96: Southampton | N96: no | O96: TRUE
A97: 0 | B97: 3 | C97: male | E97: 0 | F97: 0 | G97: 8.05 | H97: S | I97: Third | J97: man | K97: TRUE | M97: Southampton | N97: no | O97: TRUE
A98: 0 | B98: 1 | C98: male | D98: 71 | E98: 0 | F98: 0 | G98: 34.6542 | H98: C | I98: First | J98: man | K98: TRUE | L98: A | M98: Cherbourg | N98: no | O98: TRUE
A99: 1 | B99: 1 | C99: male | D99: 23 | E99: 0 | F99: 1 | G99: 63.3583 | H99: C | I99: First | J99: man | K99: TRUE | L99: D | M99: Cherbourg | N99: yes | O99: FALSE
A100: 1 | B100: 2 | C100: female | D100: 34 | E100: 0 | F100: 1 | G100: 23 | H100: S | I100: Second | J100: woman | K100: FALSE | M100: Southampton | N100: yes | O100: FALSE
...

Sheet Missing Value Summary
A1: Column | B1: Missing Values | C1: Total Values | D1: Missing%
A2: survived | B2: =COUNTBLANK(titanic!A2:A892) -> 0 | C2: =ROWS(titanic!A2:A892) -> 891 | D2: =B2/C2 -> 0
A3: pclass | B3: =COUNTBLANK(titanic!B2:B892) -> 0 | C3: =ROWS(titanic!A3:A893) -> 891 | D3: =B3/C3 -> 0
A4: sex | B4: =COUNTBLANK(titanic!C2:C892) -> 0 | C4: =ROWS(titanic!A4:A894) -> 891 | D4: =B4/C4 -> 0
A5: age | B5: =COUNTBLANK(titanic!D2:D892) -> 177 | C5: =ROWS(titanic!A5:A895) -> 891 | D5: =B5/C5 -> 0.1986532
A6: sibsp | B6: =COUNTBLANK(titanic!E2:E892) -> 0 | C6: =ROWS(titanic!A6:A896) -> 891 | D6: =B6/C6 -> 0
A7: parch | B7: =COUNTBLANK(titanic!F2:F892) -> 0 | C7: =ROWS(titanic!A7:A897) -> 891 | D7: =B7/C7 -> 0
A8: fare | B8: =COUNTBLANK(titanic!G2:G892) -> 0 | C8: =ROWS(titanic!A8:A898) -> 891 | D8: =B8/C8 -> 0
A9: embarked | B9: =COUNTBLANK(titanic!H2:H892) -> 2 | C9: =ROWS(titanic!A9:A899) -> 891 | D9: =B9/C9 -> 0.0022446689
A10: class | B10: =COUNTBLANK(titanic!I2:I892) -> 0 | C10: =ROWS(titanic!A10:A900) -> 891 | D10: =B10/C10 -> 0
A11: who | B11: =COUNTBLANK(titanic!J2:J892) -> 0 | C11: =ROWS(titanic!A11:A901) -> 891 | D11: =B11/C11 -> 0
A12: adult_male | B12: =COUNTBLANK(titanic!K2:K892) -> 0 | C12: =ROWS(titanic!A12:A902) -> 891 | D12: =B12/C12 -> 0
A13: deck | B13: =COUNTBLANK(titanic!L2:L892) -> 688 | C13: =ROWS(titanic!A13:A903) -> 891 | D13: =B13/C13 -> 0.77216611
A14: embark_town | B14: =COUNTBLANK(titanic!M2:M892) -> 2 | C14: =ROWS(titanic!A14:A904) -> 891 | D14: =B14/C14 -> 0.0022446689
A15: alive | B15: =COUNTBLANK(titanic!N2:N892) -> 0 | C15: =ROWS(titanic!A15:A905) -> 891 | D15: =B15/C15 -> 0
A16: alone | B16: =COUNTBLANK(titanic!O2:O892) -> 0 | C16: =ROWS(titanic!A16:A906) -> 891 | D16: =B16/C16 -> 0
A18: A19: | J18: A24:
A19: The Titanic dataset contains 891 passenger records and 15 columns. | J19: Missing values should be handled appropriately rather than removing records without justification.
A21: A20:
A22: The deck column has the highest number of missing values, with 688 missing entries (77.22%).
A24: A21:
A25: The age column has 177 missing values (19.87%).
A27: A22:
A28: The embarked and embark_town columns each have 2 missing values (0.22%).
A30: A23:
A31: The remaining columns do not contain missing values.
